meanFWHM,stdevFWHM,minFWHM,maxFWHM,meanFeFv,stdevFeFv,minFeFv,maxFeFv
3.7403783543788,0.120026623674962,3.54229716883894,3.90735469675448,0.301351262693176,0.088444471476733,0.164055204390204,0.406215793043434
4.10006707534461,0.120158418999645,3.92286951557811,4.24550800607157,0.718675586426898,0.103000134576282,0.559359440758614,0.933077412376746
6.32626080226821,0.0918142842826231,6.20288143675085,6.44160433937553,0.0830477830278492,0.0268644465355333,0.049833881765891,0.148630950649873
6.06630526279354,0.0707349992000908,5.97427433495711,6.1454084154591,0.84953125290493,0.0844059491955862,0.713789269850013,0.964375876362299
5.88671274516014,0.134211050895333,5.69353483397302,6.10186583207067,0.222587524215169,0.0571618482016353,0.110755558411692,0.307332908661635
4.67920677028315,0.0794571997953784,4.55865475434852,4.79529575324016,0.606623365576337,0.123456253675696,0.393490206603983,0.834158643533589
6.69162072354454,0.137906038490319,6.48647570559759,6.84030563628335,0.707034257448228,0.161433473480042,0.481577539316223,1.04340601761935
6.23309059163892,0.317940860310125,5.85950357169348,6.8440743560731,0.824280206492692,0.165254833525105,0.612833911778899,1.19162730000301
5.1060436120812,0.443754481844566,4.4763682714034,5.79397956055947,2.44196769272359,0.2471760374607,2.04304967633711,2.76202032374848
4.44343484911921,0.0724004934457637,4.31837865738978,4.58457178735109,0.258518695121515,0.0859337324643824,0.168274187175172,0.467108571942562
3.91902300365277,0.117077457674547,3.77009571249315,4.14059976335592,1.14289421039168,0.693453315669384,0.425819457143254,2.28275601002298
5.4402595785054,0.714641933938432,4.60732106142035,6.89216038933499,1.17353134875645,0.461483562142765,0.783121724923922,2.14295574597628
5.65754991615017,0.168920588948671,5.39789536427451,5.92161785549659,0.754128624118973,0.0790928064633628,0.597736603326716,0.868942503682937
4.3259837146097,0.0536476368530669,4.27630823822308,4.45876143687861,0.477301124884323,0.0987655943480968,0.374543649098717,0.671551951942205
4.13234701658246,0.0482426229510964,4.07336118771174,4.21822716165398,1.00720891156961,0.14374217703465,0.737013653484124,1.23468120260491
4.07614689328807,0.193164479398908,3.69520417754712,4.32412591465813,0.234733765386099,0.105895819501416,0.101542210104224,0.403940249526799
4.0796303774399,0.1387784508421,3.84730070794167,4.26278974099069,0.24038398009426,0.0628004884600194,0.142004253590429,0.315429921644913
3.44694333715526,0.0450692514902457,3.38246925290238,3.52100518197822,0.734013433907287,0.13510694615762,0.465364511727412,0.921863539718695
4.05746035128593,0.116039787034047,3.92254823835767,4.23000811413768,2.06998349715825,0.347940496924372,1.44158609376186,2.48180631713755
5.20881711141078,0.0686373794323734,5.12501373982677,5.30260968322181,1.5788835635262,0.166246158398243,1.3940272900667,1.91923677931231
4.97971681343745,0.20229225508332,4.6181868819105,5.18073243078399,0.328346028693469,0.0838835004097754,0.239376039383827,0.497258378501932
4.80285460123879,0.104808814393392,4.55511960795115,4.88850129699863,0.68387760983759,0.0977106368390018,0.511329991184656,0.813857592584247
3.77637775845243,0.093544079533281,3.65624336040055,3.91808131997854,0.567076049542419,0.122563554919938,0.400313848085855,0.746585742802789
3.36718267714757,0.0156835988295725,3.35427774166167,3.4003721083351,0.712161268796919,0.165128219507658,0.50146848620837,1.0724474998972
6.70848625704456,0.340340246915907,6.2453443466792,7.3808987083027,1.50054294233868,0.175169152450963,1.2382056264857,1.78751145477077
4.4194004841546,0.0945944784731293,4.28470132885811,4.54752197180811,1.08317880842297,0.215212553495876,0.774723406852412,1.51858429869096
4.37094840577042,0.10375166970638,4.17975311437944,4.49958126753679,0.431283546298686,0.0855527678982649,0.324150461273683,0.605076725839308
7.46156760085078,0.237809765813927,7.03680089929068,7.77628354363669,0.213138608984684,0.0774737434037191,0.125824337397253,0.344755117328533
3.13645974630524,0.0431751687609491,3.02046572548473,3.16824920208065,1.00867329671591,0.188215221842263,0.749401459216686,1.30211261260915
2.94067329822234,0.0658331774686653,2.84730102850652,3.01272019466051,0.505224944414855,0.173623976962752,0.30118491013081,0.74139519879006
4.8548035857051,0.0822746538217029,4.78399161853326,4.99594750817412,0.592733802254697,0.116441061306649,0.438257425647772,0.802806402554864
2.90591524590452,0.0568112952655656,2.7672522590235,2.97154453808136,0.489472121275894,0.117854043445706,0.304994418271585,0.726355986378964
3.13166989905476,0.025444933038853,3.09782852274752,3.18761834935934,0.799315591013328,0.153540555914542,0.628987253177056,1.03876298657384
2.90965669633107,0.0859114560355489,2.78241823845347,3.03810494801505,1.27243282065131,0.127941681449701,1.15627726946377,1.57190528464664
3.56239395669315,0.171405328038202,3.31377465472214,3.78919220817961,0.395524372329454,0.093818975515659,0.250731890701311,0.571751085300943
5.08191733222688,0.0901990935586228,4.95252251687972,5.26476053882496,1.61802364430339,0.229635608849143,1.30721912830556,1.95302727223974
4.05605557297699,0.163531904048281,3.81827996543859,4.25400662237143,0.488904865318822,0.0664880531181934,0.339725313194628,0.601463280630562
3.27725885656989,0.352657417086655,2.78025725953261,4.04470825458384,1.31671566382486,0.414744271014079,0.669032214284986,2.33587179495458
9.16546343137058,0.151210059562666,8.91616631251153,9.32548189790034,0.190831897665557,0.0406589039534576,0.123264590648567,0.243941421707154
4.34617325241474,0.263042406676948,3.82448104449268,4.62176009435455,0.608207140012604,0.115738989877219,0.432478047690328,0.764776362503869
3.97769735682921,0.0853322856133375,3.7785086184284,4.06941237028576,0.338031438923926,0.0623170353952858,0.280135921707153,0.47990618211927
2.94206185778933,0.0326490818501524,2.861179685986,2.98027180563075,0.69781464783756,0.133827972703295,0.523878930256581,0.976608025401564
5.01204156057066,0.100301325328406,4.84170129757851,5.10999387152256,0.372118854411122,0.106673040302721,0.230655683002869,0.513685098713075
5.93672730707726,0.0727352034406956,5.82378690452158,6.08862587623196,1.06375853095138,0.258438223934587,0.679688373206539,1.44915390570418
5.16001533355676,0.0787633407150769,5.02429739069814,5.26507612336964,0.284117380790087,0.0783190523919427,0.168046464693034,0.370403741176302
4.40099941970225,0.0588554545081357,4.32276525869307,4.48541283163477,1.00871981106271,0.0960114389153392,0.913572029837315,1.21436310498729
3.62829493384865,0.134503311240559,3.45171941847777,3.81755408623743,1.85740129759908,0.252372385656342,1.56091624964837,2.27630901491238
5.45618346619261,0.0681045870791707,5.3607316482463,5.54515787489089,1.06125374666423,0.0607961786601027,0.971789042063382,1.19263136596328
6.64978219467453,0.228725240263043,6.28796003273562,6.99180913849764,0.482138248999401,0.105031717892506,0.3434451813204,0.62547417050818
8.90438058172969,0.539712666414703,8.36740884724479,9.9070440801807,0.28671947100905,0.0922171065391252,0.102735980184305,0.416380216602498
4.63158107950316,0.0933792017347255,4.47794994679665,4.78672002950068,0.759962494678897,0.0645559892524437,0.68866850384495,0.875559452804339
7.69932373154473,0.185226438115477,7.51279116161589,7.99530147598665,0.416809195105337,0.037025162658897,0.356315774419631,0.469014853755432
2.9357234398812,0.150519374984512,2.72938491368426,3.20076666681119,0.249779596876896,0.0391819401915032,0.207176172509182,0.307057676941836
2.65582377908126,0.0507761921383993,2.58894794631292,2.72718070488646,0.691942153914186,0.079991699781433,0.574715666676819,0.860562797686815
4.35652401460349,0.105155338552243,4.12211081247749,4.49812970640496,0.509167750438,0.0920810510926466,0.374918309670862,0.685730509964572
4.29361750890942,0.0922876278229567,4.18586117277966,4.4505463477636,0.358949851523262,0.04509848947935,0.307458683684076,0.435106525730621
5.65572050696002,0.0867829676662605,5.47642640050973,5.79713840748065,0.401251508662868,0.0577686626444553,0.338563439985623,0.518751825102238
5.95034785935737,0.139970849356579,5.80302876503957,6.1600002748802,0.479456060942035,0.0879626091353001,0.331664035165354,0.613246725854623
5.99898529980192,0.132371784331538,5.80563841897687,6.18731242045559,0.257857103167692,0.0725709803044746,0.141439970559321,0.3784828661069
6.26372155626457,0.172603043537995,6.05116279596473,6.50673689101398,2.01391647385253,0.192174714352655,1.60141507155804,2.27999363850566
6.39636739930493,0.196552995158901,6.07977043193955,6.68324546186335,2.35795998456538,0.489580094348004,1.40990853085051,3.13233096458536
4.98740247524423,0.124700003390129,4.7569213332158,5.12338424098951,3.0953085852822,0.248933179139152,2.66976057081218,3.51850880521232
4.43852510846807,0.243066634815146,4.22148096645406,5.04929827643007,2.37469511460143,0.787841211046443,1.01910993196054,4.12302472872234
6.23812872799789,0.398074705397928,5.68293819596583,6.80829235239137,1.71653972261086,0.49920907723431,0.885248505917043,2.45418898456987
3.65276128192588,0.100939568967136,3.49101421632806,3.83456725475164,1.38687374072328,0.364578560999542,1.03985716096593,2.09250827711635
4.03324344350925,0.351872055162477,3.20183098202993,4.4800977938873,0.940265474018556,0.132324866950145,0.691316834554863,1.1382267222777
5.36095305672771,0.424058086763837,4.74846365370632,5.87721574943261,0.681791352081672,0.191333060156782,0.408343387905302,1.04168214223766
3.30341900867527,0.378988796940061,2.75652555027058,3.89029958789775,1.30167062180743,0.149036559590814,1.12363525579187,1.6018272888858
2.61676825135697,0.0939714525676864,2.46202522910808,2.71729807354416,0.893839341430097,0.158425913051331,0.637955046732646,1.1297381893785
4.96585407402271,0.223588890627363,4.48112797085505,5.1938952579296,0.754944307721975,0.126546272411195,0.505879203590692,0.917977808699442
4.48993632796012,0.444187394243189,3.83985935701235,5.02902494570523,0.965455411833614,0.116282060597844,0.793344613208048,1.15983857505466
3.21475564625049,0.117225204538295,3.00891103317924,3.39236576474025,0.725720827592238,0.134272645341078,0.526349069733287,0.922776862441982
7.50434670905051,0.367185764146507,6.91671608468057,8.0018299047186,0.14012355955948,0.0353186588174702,0.0894893569811609,0.18980920706759
5.93931102543758,0.260898262700839,5.50639470999518,6.23293089965492,0.661826954892077,0.119141810337712,0.481478279835212,0.820808579656804
6.58148554535181,0.288099617883348,6.0954426304998,7.02894205938615,0.404778831545199,0.0980206046290697,0.263249028245821,0.54688528999236
5.88168147980323,0.056078700724075,5.79314149058908,5.95140274734335,0.705040208854331,0.121370037505177,0.534050484376422,0.856445821161308
6.7003885168495,0.208908813979578,6.37371660154552,6.91278703889972,0.519941181716243,0.135039886051091,0.307664577230903,0.818061021527447
5.4178089962129,0.527273394217926,4.76661668576722,6.14765854490696,1.40938371117333,0.170076866742193,1.19971239793927,1.63865703250645
4.30833844717211,0.22621812526396,4.04977419178672,4.70746735974811,0.865627450587738,0.231883625432568,0.491738628606793,1.27215575285081
4.07722193802368,0.152337769169942,3.83911377898328,4.36521722084057,0.933250032606553,0.241456102072747,0.505450840298041,1.22536891258523
4.50968228500038,0.0941886568407015,4.30120462453725,4.6047602329909,0.700675719304564,0.0855411460709335,0.55714421922341,0.867221797373599
4.7232903942122,0.102724396006695,4.59339177786649,4.93144612741353,0.629388482513883,0.175075377159133,0.362385799784728,0.962437495469823
5.18761560549695,0.18786195666549,4.88501232200624,5.48203077274372,1.22776584733368,0.141532516404088,1.06094396465271,1.47018969954447
4.96491610533679,0.0537448163884109,4.8733071320371,5.01872424309283,0.573136271360824,0.0841478512674275,0.440129141051083,0.715451670785865
5.1296448285223,0.0767633265913942,5.01906380002794,5.23384326581712,0.540947104937662,0.0621940684965767,0.47891918134903,0.658127496483753
4.48535847537828,0.115363837028828,4.29221543050329,4.60375033691435,0.503667576290092,0.139048078920856,0.320229492344855,0.732133557749252
10.7233403856182,0.0638995361682924,10.6068007150894,10.8165292043369,0.408743352127369,0.0679041633971491,0.295452226450475,0.521466945144077
5.77863280681749,0.162583291622162,5.49205520190343,6.0395868951772,1.69991843880415,0.2235371024656,1.37587224143591,2.07176520396014
3.56781615040779,0.0982441053360172,3.4314225067749,3.74342656802255,1.81549836676193,0.289882298767977,1.3771623560084,2.16017090433163
13.1111330856129,0.179217218482077,12.7174286840436,13.2997406394529,1.08044736924382,0.131220696465881,0.890369882765504,1.28152344470504
6.52061669498644,0.0583098233055405,6.40466744938521,6.57413461245908,1.60895050129981,0.132859376817302,1.39287805741867,1.83720655235318
17.6665022659646,0.184750802697887,17.2483057600954,17.8604898214145,0.849508490395266,0.0453018661052644,0.761194119815242,0.908519740380788
6.9034044528763,0.0302764193221618,6.86134942244423,6.94830391413575,1.5034598331865,0.29165145320473,1.04836218634894,1.99901017432266
7.02406070209672,0.11731177427095,6.85769380781102,7.17237719000817,1.20903215224462,0.136746432939169,1.0196235172383,1.50784692848365
5.31503168514325,0.164426183759776,4.94245182341953,5.52832619340861,1.34746453122937,0.0577489188202773,1.26243301228085,1.44584011901367
3.69716038069514,0.0714538969917857,3.60383075358298,3.82333973515802,2.7271392929784,0.160112072677043,2.38977198638118,2.94508133727275
5.28366067778477,0.164477718335405,4.92463584207105,5.52862127214785,0.813410448420964,0.14545088719778,0.603343565687667,0.996104108205156
5.63683786277647,0.0760593851793528,5.48230255079186,5.73961706549041,1.11002711537283,0.118504072019719,0.882533749407115,1.23485301329009
3.05634694573827,0.124010239543953,2.89992664852967,3.28516468669115,0.408475532503299,0.0635566950970988,0.318254883182202,0.509128820660625
3.390115955364,0.155563761551145,3.16312769876246,3.5491488598865,0.627069751332143,0.121995931903741,0.530674603339578,0.952635420495668
5.31001012001932,0.161767585769208,4.91793297293111,5.48748415598079,0.474983425964505,0.0496004442296493,0.398145049922222,0.589022746307886
4.72616407174997,0.0668039354744365,4.54166896071159,4.77526917464716,0.694825131352782,0.0787094929549124,0.588174374607492,0.827734202049388
4.45735905233581,0.194546459351749,4.11319363483298,4.6959137459121,0.17380048987838,0.0320013400071456,0.132126754875647,0.233205281159482
4.45425412291571,0.108958775303795,4.25075501122723,4.61310812946991,0.303665184543152,0.0904712714491607,0.199970491285938,0.528297483127424
4.1915507692099,0.121713144949653,3.98818795372954,4.39885626793941,0.601894717032835,0.0619862338208401,0.505611027718212,0.675712898190616
3.70066104635157,0.157052252606247,3.48232156908479,3.98001960207558,1.51574963140209,0.290443012546227,1.23545166010825,2.19421249739786
7.070985173192,0.0895169617627613,6.90368048418605,7.19994955393596,0.411882282491545,0.0240554987915184,0.37165866988735,0.447647220119669
5.45024191243631,0.0404651889683043,5.37664534849951,5.51024591321145,0.923836711200235,0.130312193720547,0.703187981032012,1.11697732588589
12.3437750575517,0.15014170198203,12.1000981189651,12.512676230778,0.18718396885146,0.048603257776929,0.116911329701533,0.257294820104333
5.21183416355072,0.0888404161052738,5.11570196338038,5.37163340741845,0.660262070088578,0.12994315295341,0.466753209857793,0.79004928673339
5.27893672200854,0.070473482026073,5.12422987774242,5.3539307800234,0.314738889111136,0.0697194618902782,0.209305822269924,0.435372631875127
4.48028004646028,0.0549181419765494,4.38841263512378,4.56033193107213,0.206809191258719,0.045372129370358,0.144251674178713,0.277337447846372
5.02585265806074,0.124467234852526,4.8462349341281,5.21557449917432,0.758813686056781,0.144422634439392,0.571352933331306,1.0733405092109
3.61595115623826,0.211718679502954,3.34318077085419,3.8679578034908,1.13816056586653,0.261888223866908,0.76451218531032,1.52750048383249
5.11494440487663,0.179804962306463,4.82990508414946,5.34118739148465,0.585357783561465,0.102028506595932,0.468862860174809,0.818383700334809
4.65731339388277,0.0742641715645446,4.54159042273361,4.79682315689639,0.968556033909699,0.170221678100678,0.662765278242735,1.14871908702394
3.72619449094966,0.0350493712241152,3.66281533102645,3.77110855773175,1.06563573472519,0.163722578474779,0.845045878344239,1.33443549955645
4.19613970543779,0.0708344020315633,4.04429065188805,4.26590406385743,0.166673254389865,0.0359562487543924,0.119237843181407,0.236500989517836
5.01422501178035,0.996401408917155,3.08264570988341,5.71932550777655,3.00028721968201,0.832544278677125,1.43041736754777,3.79691674686626
7.29178130546867,0.0728548673902808,7.19309065021665,7.41813262646298,1.38240070807994,0.0886464029915468,1.20584972135161,1.5290462007821
4.77570274207681,0.0434941560932405,4.71195224294563,4.84263818912246,0.729463093641784,0.176719462599126,0.486723871379105,0.972931324462753
6.66068396653469,0.106996638523855,6.45637527390028,6.81481582332662,0.190631204986622,0.0587171237804899,0.129477862316508,0.305491915525046
5.28716767007708,0.258144265302634,4.97459936003234,5.83443022314373,1.87428030371718,0.344569743470259,1.07018032940108,2.14728139007909
7.52869460936023,0.0957405466386797,7.3861694483236,7.70530509363878,1.98503500975007,0.118855383620059,1.77141787678577,2.13156546455035
7.53176670102853,0.242243338262485,7.04759076066995,7.84132347040092,0.737645375289752,0.0768920490014996,0.624903160699972,0.886361525102596
5.65547115801323,0.158699703600232,5.29739820854357,5.8399814953723,0.984323632190947,0.0591518666106981,0.8934436439941,1.07142944650162
5.11688587722026,0.10834151714312,4.95544648903638,5.24666914102832,0.827046832254759,0.188671170388297,0.587396168812944,1.25129837073715
5.53716988864745,0.143102635518135,5.30041165950469,5.74944691141611,1.1086160848114,0.135363092706575,0.88514102024176,1.36680838802897
5.39442671702001,0.265210199345804,5.06364699794864,5.78658516443286,0.38013619870706,0.0595126659135742,0.296608815726803,0.487064041885095
6.73838428084413,0.507109949518426,6.31744767025292,7.67432608448116,0.999349344045998,1.07049542465428,0.275944724325683,3.24677220075465
3.72534380217644,0.240477835588758,3.27063453409358,3.95561227276437,0.593682607658564,0.332205971408515,0.32372761373826,1.38172901164981
5.25725686597942,0.427128583365584,4.32958326534318,6.02688457514373,1.09298886203517,0.898784484884056,0.556243378531917,3.21969266417293
4.48531978777184,0.114680576709319,4.33161276474315,4.6608581765627,0.123071353403981,0.0289999575539499,0.0917203909252728,0.181801991813035
4.13275384440777,0.0932711611678143,4.03710314443975,4.35057127143188,0.763785306471045,0.136595527571941,0.549488416021679,0.944129806277783
3.73251167979526,0.121210225787221,3.53511217595419,3.8605379421267,0.8888914769385,0.127632885542718,0.740395777421009,1.16572124280732
6.32999396965438,0.0735958409064512,6.18148916304549,6.40534743741495,0.74489397802806,0.0727322316145807,0.65202805041724,0.863418050560648
3.68708978495691,0.0307406011285695,3.63988887861652,3.72622531060976,1.38652864010457,0.114484821106251,1.23735756169449,1.60555298442774
4.03776796414838,0.169670432769755,3.62598668826297,4.20837599010211,0.731413842497857,0.118246149001247,0.558551443883318,0.90587330249794
3.85853547499298,0.0653661218352276,3.75118363138495,3.94425956527473,0.801557932954677,0.07234548452478,0.708060663663464,0.929015705967726
4.33848193169416,0.0990828760670758,4.18846443945998,4.48431576018749,1.00746470827359,0.0746235586168864,0.910986001243597,1.13812632971295
3.74345505812875,0.118808916086438,3.56252797474599,3.92635596545212,1.53332468007738,0.233262566000786,1.05434215400358,1.85328101231299
3.52834811161983,0.103685697254418,3.301931179332,3.63583491814333,0.599431492576643,0.0878378212193376,0.490065987335882,0.774001739190975
3.03772116003724,0.0502920366156553,2.89800239709654,3.07121231642671,0.790825310856121,0.117645871811745,0.645389545913151,0.991068627668238
4.45612843832791,0.109190361870356,4.3026007750868,4.63116859946758,1.10164262147096,0.0727084511506424,0.996643271420311,1.24130002502021
3.86352810688915,0.101887348015566,3.69075547882972,3.97354913988228,0.637116208095793,0.19624304904442,0.412893364451318,1.11717021019513
5.87396909866828,0.196887323842281,5.6410623216788,6.21080350066604,0.54139379480213,0.0507817621888325,0.455036690484743,0.635482593435279
4.86512934890038,0.0526124528417605,4.80961749132167,4.99024593088987,0.487032211291418,0.0856543926056209,0.382287774418414,0.694106312010292
5.21805414874741,0.176677172675463,4.98334431314238,5.45957589649983,0.253986540576652,0.0611660630496054,0.173906599554577,0.384648692835623
6.96950875599008,0.0641599872985937,6.86801113295362,7.05414966472452,0.179187174354025,0.0458312447964532,0.109939322692422,0.246885531371925
4.25399579996195,0.233120882478348,3.97872373926242,4.62458853332531,0.550865968120018,0.0979452269659753,0.392917027979559,0.637421483221679
4.65271402891537,0.282783368699157,4.22727082069739,5.02382589125559,0.517947582298972,0.050228472791703,0.44717591514531,0.610010478611171
3.19873496842908,0.620987762489551,2.23670259676761,4.00910102381627,0.456168492038095,0.135065913865368,0.247081584373668,0.69107247743067
3.4918425597091,0.237112381754716,3.09331495076,3.74912770967043,0.271510102871443,0.0699619693293695,0.165144047421934,0.381725723643065
4.54463822303286,0.0568981895194979,4.46816660290053,4.66707682850535,0.494514381767507,0.0747995488167024,0.39486903225744,0.634184968948977
4.54600444977084,0.102423468361689,4.35019399098798,4.65032681800319,0.557107341545192,0.080459083449323,0.487471956734338,0.727048345341586
3.6560947054647,0.0627193732471334,3.55868451065204,3.74994773327882,0.308045961794213,0.0570162818126231,0.232959453848075,0.427526763039717
6.55042323965931,0.0990624094596733,6.38983578744509,6.75046865342367,0.126300859062389,0.0221377685546236,0.0800471846479388,0.150619966662824
6.54473487992306,0.0964675515184094,6.37453429376074,6.69721689786312,0.50677117976119,0.052173695417544,0.440402858363579,0.602838180088551
5.26975807703988,0.116702563052776,5.04035471506206,5.43566645517281,0.942071872556675,0.0460621993223245,0.873769656658166,1.01375883628329
5.15356687630568,0.0884473117055475,5.03024659923166,5.29244263172849,0.81460861555957,0.124190053450782,0.612066363646919,0.949696377334901
7.03995746366836,0.0904482381234393,6.89908280521421,7.16454444105154,2.09583330419862,0.390924620470035,1.58781328533617,2.92096567870577
4.56213374005276,0.229635420418257,4.15027034163001,4.86554002229584,0.73765247898792,0.194499406954162,0.384879213804797,1.05043152528364
3.75596481900442,0.0888358731288947,3.61217163171899,3.84834961279484,1.01329880379927,0.169780945756197,0.804160539729859,1.36508913932957
5.03995940937915,0.129166642480057,4.86891340471064,5.27113992745875,1.50466364659613,0.147900196464854,1.36903297827694,1.80154459166655
5.51268270075721,0.439082724559357,4.8134965268854,6.11673637185039,1.36389274506043,0.319270157906553,0.982733107392365,2.01177694871509
4.09043318528978,0.0407773406814639,4.04102207509912,4.15897702229589,1.00124127508204,0.183531941918779,0.748350288977716,1.26730937850209
4.70681512853641,0.148213119968449,4.54026229767499,4.97018739657694,0.671720430574765,0.209915708096749,0.308151591419144,0.883420038625456
6.25259727270142,0.24071452362811,5.91064136224736,6.54384690914199,0.632924017801006,0.080168048735724,0.542876591908542,0.787984032788882
3.76802737578642,0.113060045936332,3.64805658304706,4.02340053595152,1.35420479295054,0.162293859833795,1.04027716913443,1.59094922170602
4.35296727171041,0.148148921790843,4.13831943917606,4.56835352523608,1.35937967636338,0.223235409808414,1.01610012819247,1.75655861551261
4.24218889565515,0.161647767132479,3.89583063754006,4.4487558771565,1.89726161545675,0.40730313153267,1.28778467120927,2.53789312995693
3.26764135357739,0.0734786971325188,3.12858106308458,3.40428328746234,2.69495255066172,0.791226526424491,1.45556390023999,3.9837773461392
5.24106140903702,0.0841460768260367,5.11903100783161,5.35569436370205,1.31951274883411,0.402330780763195,0.889597204652268,1.92510404242665
4.85855048093816,0.0953396878806867,4.73344352358848,5.05865912052671,1.93361171735266,0.158097490000544,1.70009930472046,2.15443816175244
3.99575079087824,0.0532443073883495,3.93630526046331,4.10089105242004,1.02324892037246,0.0907233380777863,0.907987702825799,1.24795902199109
6.65457258114714,0.0755289354170734,6.51664178411728,6.74075062271269,0.752395967158604,0.102617407714379,0.580139451444956,0.89851412171827
2.87176279327738,0.032362797422578,2.81284172066341,2.93028060114272,1.22844685824892,0.0505637945585566,1.17107930812585,1.32141487784117
8.25879038043041,0.0680798919729978,8.14434313343159,8.32721398079065,0.259005474990575,0.0378237163534151,0.184200551917385,0.317815209633639
5.91122822290192,0.0430602870702865,5.83353529752404,5.97783840612813,0.0970211194797573,0.0211378187955096,0.063301443610662,0.133628209192502
5.490259261484,0.23565536702704,5.24553164831709,5.88913841201034,0.394010254920753,0.03624010445465,0.329709314844292,0.474236745621016
4.25486567749208,0.0886508144234962,4.09081627952291,4.35222925140981,0.543656426137776,0.0540645433632929,0.422821464699687,0.610894604395053
5.5490622841068,0.0584659952477082,5.43394703082299,5.60784342798725,0.244159009531765,0.0317932943456239,0.191458138492404,0.301918845105276
3.41138413107662,0.0787132021745383,3.33606192621028,3.61498044960899,1.36740472945032,0.241922818936902,1.10555308874692,1.81110420405819
4.00583476774865,0.0838555930626702,3.85475310319864,4.08672733168779,0.959425570278931,0.14998308381305,0.861809276676791,1.34248766402099
6.78761742967861,0.108040531975776,6.53219923984174,6.95692593401433,0.491076848662024,0.0812017371547664,0.397485629925893,0.652273234285648
5.81651881999206,0.107876348330301,5.6460909717424,5.99024286161495,0.0901344476452268,0.0289194690055928,0.0437832355712678,0.130155359803047
4.39075407020693,0.234356625649924,4.028063354463,4.72422801317303,0.873438687279345,0.107319834891961,0.726248066984194,1.04452338399739
4.81370147465442,0.139541525290698,4.58860675982812,4.9980821730483,0.264817696719653,0.0430212246082896,0.183394974095392,0.340906338150416
4.48417455660852,0.177509068772454,4.27486612581197,4.82840209952687,0.339984585473024,0.0717838485224831,0.242373301413949,0.460112007961999
4.95957201474628,0.172042704005573,4.64544965782732,5.13042875418834,0.542410118607549,0.106329945149773,0.41889872272979,0.713037576743935
